{
  "hash": "1da9a4d4",
  "configHash": "3d3541dd",
  "lockfileHash": "50115500",
  "browserHash": "ab2ac959",
  "optimized": {
    "@angular/common": {
      "src": "../../../../../../node_modules/@angular/common/fesm2022/common.mjs",
      "file": "@angular_common.js",
      "fileHash": "d216f602",
      "needsInterop": false
    },
    "@angular/common/http": {
      "src": "../../../../../../node_modules/@angular/common/fesm2022/http.mjs",
      "file": "@angular_common_http.js",
      "fileHash": "95d3056a",
      "needsInterop": false
    },
    "@angular/core": {
      "src": "../../../../../../node_modules/@angular/core/fesm2022/core.mjs",
      "file": "@angular_core.js",
      "fileHash": "8dfc2621",
      "needsInterop": false
    },
    "@angular/forms": {
      "src": "../../../../../../node_modules/@angular/forms/fesm2022/forms.mjs",
      "file": "@angular_forms.js",
      "fileHash": "017e4d88",
      "needsInterop": false
    },
    "@angular/platform-browser": {
      "src": "../../../../../../node_modules/@angular/platform-browser/fesm2022/platform-browser.mjs",
      "file": "@angular_platform-browser.js",
      "fileHash": "d3a1e107",
      "needsInterop": false
    },
    "@angular/router": {
      "src": "../../../../../../node_modules/@angular/router/fesm2022/router.mjs",
      "file": "@angular_router.js",
      "fileHash": "8aa7825f",
      "needsInterop": false
    },
    "@capacitor-community/sqlite": {
      "src": "../../../../../../node_modules/@capacitor-community/sqlite/dist/esm/index.js",
      "file": "@capacitor-community_sqlite.js",
      "fileHash": "5b66f715",
      "needsInterop": false
    },
    "@capacitor/core": {
      "src": "../../../../../../node_modules/@capacitor/core/dist/index.js",
      "file": "@capacitor_core.js",
      "fileHash": "1482e3c8",
      "needsInterop": false
    },
    "@capacitor/network": {
      "src": "../../../../../../node_modules/@capacitor/network/dist/esm/index.js",
      "file": "@capacitor_network.js",
      "fileHash": "a9ad5eb0",
      "needsInterop": false
    },
    "@ionic/angular": {
      "src": "../../../../../../node_modules/@ionic/angular/fesm2022/ionic-angular.mjs",
      "file": "@ionic_angular.js",
      "fileHash": "0fa4f2c3",
      "needsInterop": false
    },
    "@ionic/angular/standalone": {
      "src": "../../../../../../node_modules/@ionic/angular/fesm2022/ionic-angular-standalone.mjs",
      "file": "@ionic_angular_standalone.js",
      "fileHash": "bf6894ea",
      "needsInterop": false
    },
    "@ionic/storage-angular": {
      "src": "../../../../../../node_modules/@ionic/storage-angular/fesm2020/ionic-storage-angular.mjs",
      "file": "@ionic_storage-angular.js",
      "fileHash": "2d09cb3e",
      "needsInterop": false
    },
    "jeep-sqlite/loader": {
      "src": "../../../../../../node_modules/jeep-sqlite/loader/index.js",
      "file": "jeep-sqlite_loader.js",
      "fileHash": "1e67e194",
      "needsInterop": false
    },
    "rxjs": {
      "src": "../../../../../../node_modules/rxjs/dist/esm5/index.js",
      "file": "rxjs.js",
      "fileHash": "331dc35b",
      "needsInterop": false
    },
    "rxjs/operators": {
      "src": "../../../../../../node_modules/rxjs/dist/esm5/operators/index.js",
      "file": "rxjs_operators.js",
      "fileHash": "c5ca843b",
      "needsInterop": false
    }
  },
  "chunks": {
    "web-IASFRGSM": {
      "file": "web-IASFRGSM.js"
    },
    "jeep-sqlite.entry-XJIXLVWB": {
      "file": "jeep-sqlite__entry-XJIXLVWB.js"
    },
    "ion-spinner.entry-XKWTGBSE": {
      "file": "ion-spinner__entry-XKWTGBSE.js"
    },
    "ion-split-pane.entry-O3SLGO5Y": {
      "file": "ion-split-pane__entry-O3SLGO5Y.js"
    },
    "ion-tab-bar_2.entry-2G523OVQ": {
      "file": "ion-tab-bar_2__entry-2G523OVQ.js"
    },
    "ion-tab_2.entry-2YRC2KIN": {
      "file": "ion-tab_2__entry-2YRC2KIN.js"
    },
    "ion-text.entry-VZVMH3EK": {
      "file": "ion-text__entry-VZVMH3EK.js"
    },
    "ion-textarea.entry-PCZQVRPH": {
      "file": "ion-textarea__entry-PCZQVRPH.js"
    },
    "ion-toast.entry-KBFCSDEY": {
      "file": "ion-toast__entry-KBFCSDEY.js"
    },
    "ion-toggle.entry-H3OG35VZ": {
      "file": "ion-toggle__entry-H3OG35VZ.js"
    },
    "ion-ripple-effect.entry-5RXYYIPS": {
      "file": "ion-ripple-effect__entry-5RXYYIPS.js"
    },
    "ion-route_4.entry-DV7N4Y5O": {
      "file": "ion-route_4__entry-DV7N4Y5O.js"
    },
    "ion-searchbar.entry-T3UQNSY6": {
      "file": "ion-searchbar__entry-T3UQNSY6.js"
    },
    "ion-segment-content.entry-C5IIKPGF": {
      "file": "ion-segment-content__entry-C5IIKPGF.js"
    },
    "ion-segment-view.entry-3VPIWWT7": {
      "file": "ion-segment-view__entry-3VPIWWT7.js"
    },
    "ion-segment_2.entry-K5454JEJ": {
      "file": "ion-segment_2__entry-K5454JEJ.js"
    },
    "ion-select-modal.entry-MVTASY6D": {
      "file": "ion-select-modal__entry-MVTASY6D.js"
    },
    "ion-select_3.entry-H6PT3BER": {
      "file": "ion-select_3__entry-H6PT3BER.js"
    },
    "ion-picker-column.entry-GNIIVLZY": {
      "file": "ion-picker-column__entry-GNIIVLZY.js"
    },
    "ion-picker.entry-VCEMTVYR": {
      "file": "ion-picker__entry-VCEMTVYR.js"
    },
    "ion-popover.entry-JTN6GQJH": {
      "file": "ion-popover__entry-JTN6GQJH.js"
    },
    "ion-progress-bar.entry-GHLHPQOO": {
      "file": "ion-progress-bar__entry-GHLHPQOO.js"
    },
    "ion-radio_2.entry-R6PXZU36": {
      "file": "ion-radio_2__entry-R6PXZU36.js"
    },
    "chunk-NTZSRAFL": {
      "file": "chunk-NTZSRAFL.js"
    },
    "ion-range.entry-DU4VDFJJ": {
      "file": "ion-range__entry-DU4VDFJJ.js"
    },
    "ion-refresher_2.entry-RYPC2UZR": {
      "file": "ion-refresher_2__entry-RYPC2UZR.js"
    },
    "chunk-LAL4EDSC": {
      "file": "chunk-LAL4EDSC.js"
    },
    "ion-reorder_2.entry-HFVAOI27": {
      "file": "ion-reorder_2__entry-HFVAOI27.js"
    },
    "ion-input.entry-VARXTEJG": {
      "file": "ion-input__entry-VARXTEJG.js"
    },
    "chunk-GW2SXE3I": {
      "file": "chunk-GW2SXE3I.js"
    },
    "chunk-7NN54VUD": {
      "file": "chunk-7NN54VUD.js"
    },
    "ion-item-option_3.entry-YN5ADU5J": {
      "file": "ion-item-option_3__entry-YN5ADU5J.js"
    },
    "chunk-2XH2KON7": {
      "file": "chunk-2XH2KON7.js"
    },
    "ion-item_8.entry-SIBEVFZZ": {
      "file": "ion-item_8__entry-SIBEVFZZ.js"
    },
    "ion-loading.entry-3O37VORZ": {
      "file": "ion-loading__entry-3O37VORZ.js"
    },
    "ion-menu_3.entry-JSG6GBP2": {
      "file": "ion-menu_3__entry-JSG6GBP2.js"
    },
    "ion-modal.entry-JA4IH2ZL": {
      "file": "ion-modal__entry-JA4IH2ZL.js"
    },
    "ion-nav_2.entry-VLJVCQ2H": {
      "file": "ion-nav_2__entry-VLJVCQ2H.js"
    },
    "ion-picker-column-option.entry-BPEA3FX5": {
      "file": "ion-picker-column-option__entry-BPEA3FX5.js"
    },
    "ion-col_3.entry-OMTJKJGY": {
      "file": "ion-col_3__entry-OMTJKJGY.js"
    },
    "ion-datetime-button.entry-NNTZSRS7": {
      "file": "ion-datetime-button__entry-NNTZSRS7.js"
    },
    "ion-datetime_3.entry-757AYTLO": {
      "file": "ion-datetime_3__entry-757AYTLO.js"
    },
    "chunk-6EOXUCEG": {
      "file": "chunk-6EOXUCEG.js"
    },
    "ion-fab_3.entry-GNOJG754": {
      "file": "ion-fab_3__entry-GNOJG754.js"
    },
    "ion-img.entry-O26VLV7X": {
      "file": "ion-img__entry-O26VLV7X.js"
    },
    "ion-infinite-scroll_2.entry-DQFURECZ": {
      "file": "ion-infinite-scroll_2__entry-DQFURECZ.js"
    },
    "ion-input-otp.entry-QBSFHPRF": {
      "file": "ion-input-otp__entry-QBSFHPRF.js"
    },
    "ion-input-password-toggle.entry-4IC6YEPJ": {
      "file": "ion-input-password-toggle__entry-4IC6YEPJ.js"
    },
    "ion-avatar_3.entry-ZWQJURQQ": {
      "file": "ion-avatar_3__entry-ZWQJURQQ.js"
    },
    "ion-back-button.entry-PINYR7JP": {
      "file": "ion-back-button__entry-PINYR7JP.js"
    },
    "ion-backdrop.entry-IASXF6HM": {
      "file": "ion-backdrop__entry-IASXF6HM.js"
    },
    "ion-breadcrumb_2.entry-Z6JOMXGP": {
      "file": "ion-breadcrumb_2__entry-Z6JOMXGP.js"
    },
    "ion-button_2.entry-7BXU66U6": {
      "file": "ion-button_2__entry-7BXU66U6.js"
    },
    "ion-card_5.entry-Z4RE6IBN": {
      "file": "ion-card_5__entry-Z4RE6IBN.js"
    },
    "ion-checkbox.entry-6PEPA323": {
      "file": "ion-checkbox__entry-6PEPA323.js"
    },
    "ion-chip.entry-KOVR3TME": {
      "file": "ion-chip__entry-KOVR3TME.js"
    },
    "md.transition-CLI683c7-QAJWQ3PL": {
      "file": "md__transition-CLI683c7-QAJWQ3PL.js"
    },
    "index-CWbP1eJz-AAZ3XW7E": {
      "file": "index-CWbP1eJz-AAZ3XW7E.js"
    },
    "status-tap-7t9T91bG-QLBQ5HCW": {
      "file": "status-tap-7t9T91bG-QLBQ5HCW.js"
    },
    "input-shims-C3lNp93k-FMXUJ2DC": {
      "file": "input-shims-C3lNp93k-FMXUJ2DC.js"
    },
    "keyboard-ywgs5efA-MP2JCGAS": {
      "file": "keyboard-ywgs5efA-MP2JCGAS.js"
    },
    "chunk-IMWOPQCI": {
      "file": "chunk-IMWOPQCI.js"
    },
    "focus-visible-BmVRXR1y-XPPUNVT3": {
      "file": "focus-visible-BmVRXR1y-XPPUNVT3.js"
    },
    "chunk-TQ5OEMTL": {
      "file": "chunk-TQ5OEMTL.js"
    },
    "swipe-back-VdaUzLWy-PWES3YDF": {
      "file": "swipe-back-VdaUzLWy-PWES3YDF.js"
    },
    "ion-app_8.entry-HBY44AXN": {
      "file": "ion-app_8__entry-HBY44AXN.js"
    },
    "chunk-KELCJFUT": {
      "file": "chunk-KELCJFUT.js"
    },
    "chunk-JEUJTZQK": {
      "file": "chunk-JEUJTZQK.js"
    },
    "chunk-RKL5KKQG": {
      "file": "chunk-RKL5KKQG.js"
    },
    "chunk-JQCJAYTB": {
      "file": "chunk-JQCJAYTB.js"
    },
    "input-shims-IJWEXCRZ": {
      "file": "input-shims-IJWEXCRZ.js"
    },
    "focus-visible-23RBOT5X": {
      "file": "focus-visible-23RBOT5X.js"
    },
    "ion-accordion_2.entry-HMK7PDHM": {
      "file": "ion-accordion_2__entry-HMK7PDHM.js"
    },
    "chunk-N4VCU7WS": {
      "file": "chunk-N4VCU7WS.js"
    },
    "index-CfgBF1SE-UI445UFB": {
      "file": "index-CfgBF1SE-UI445UFB.js"
    },
    "hardware-back-button-DcH0BbDp-DSQPZX6H": {
      "file": "hardware-back-button-DcH0BbDp-DSQPZX6H.js"
    },
    "ion-action-sheet.entry-YKTCEUKK": {
      "file": "ion-action-sheet__entry-YKTCEUKK.js"
    },
    "ion-alert.entry-6PTUXPNC": {
      "file": "ion-alert__entry-6PTUXPNC.js"
    },
    "chunk-22RCFQMM": {
      "file": "chunk-22RCFQMM.js"
    },
    "chunk-OQILWA36": {
      "file": "chunk-OQILWA36.js"
    },
    "chunk-S6PX6N3U": {
      "file": "chunk-S6PX6N3U.js"
    },
    "chunk-I7KKGUX3": {
      "file": "chunk-I7KKGUX3.js"
    },
    "ios.transition-BmXtMRXZ-F6UHAMXE": {
      "file": "ios__transition-BmXtMRXZ-F6UHAMXE.js"
    },
    "ios.transition-YPEODEYT": {
      "file": "ios__transition-YPEODEYT.js"
    },
    "md.transition-S33ORX3D": {
      "file": "md__transition-S33ORX3D.js"
    },
    "index3-SZADPJAY": {
      "file": "index3-SZADPJAY.js"
    },
    "hardware-back-button-K6N4HTPW": {
      "file": "hardware-back-button-K6N4HTPW.js"
    },
    "swipe-back-LNNFWSIW": {
      "file": "swipe-back-LNNFWSIW.js"
    },
    "keyboard-CCZKWAM6": {
      "file": "keyboard-CCZKWAM6.js"
    },
    "index7-563BT3XE": {
      "file": "index7-563BT3XE.js"
    },
    "status-tap-J6HN4GWU": {
      "file": "status-tap-J6HN4GWU.js"
    },
    "chunk-3566LF4K": {
      "file": "chunk-3566LF4K.js"
    },
    "web-EF4XQDTI": {
      "file": "web-EF4XQDTI.js"
    },
    "chunk-FY32TZO5": {
      "file": "chunk-FY32TZO5.js"
    },
    "chunk-7Q5HCUSL": {
      "file": "chunk-7Q5HCUSL.js"
    },
    "chunk-EUT5B6DW": {
      "file": "chunk-EUT5B6DW.js"
    },
    "chunk-XHHRHLWL": {
      "file": "chunk-XHHRHLWL.js"
    },
    "chunk-M5FIGEAW": {
      "file": "chunk-M5FIGEAW.js"
    },
    "chunk-OBD7S5GX": {
      "file": "chunk-OBD7S5GX.js"
    },
    "chunk-YEIJ7SDF": {
      "file": "chunk-YEIJ7SDF.js"
    },
    "chunk-DAVJF2SQ": {
      "file": "chunk-DAVJF2SQ.js"
    },
    "chunk-VBX4H6XT": {
      "file": "chunk-VBX4H6XT.js"
    },
    "chunk-7PGWRDSK": {
      "file": "chunk-7PGWRDSK.js"
    },
    "chunk-ECGD32HT": {
      "file": "chunk-ECGD32HT.js"
    },
    "chunk-IDCEVZLR": {
      "file": "chunk-IDCEVZLR.js"
    },
    "chunk-2EKFI73N": {
      "file": "chunk-2EKFI73N.js"
    },
    "chunk-LRRXMVX2": {
      "file": "chunk-LRRXMVX2.js"
    },
    "chunk-OWX7YSRF": {
      "file": "chunk-OWX7YSRF.js"
    },
    "chunk-62PFVYAD": {
      "file": "chunk-62PFVYAD.js"
    },
    "chunk-OYO4G3TP": {
      "file": "chunk-OYO4G3TP.js"
    },
    "chunk-IANNFVCW": {
      "file": "chunk-IANNFVCW.js"
    },
    "chunk-5NELQ2QQ": {
      "file": "chunk-5NELQ2QQ.js"
    },
    "chunk-DLIOHQ2N": {
      "file": "chunk-DLIOHQ2N.js"
    },
    "chunk-AM533ZC5": {
      "file": "chunk-AM533ZC5.js"
    },
    "chunk-CPGATVVK": {
      "file": "chunk-CPGATVVK.js"
    },
    "chunk-7GGAOEU3": {
      "file": "chunk-7GGAOEU3.js"
    },
    "chunk-UFJEBVMK": {
      "file": "chunk-UFJEBVMK.js"
    },
    "chunk-AWU7BR2M": {
      "file": "chunk-AWU7BR2M.js"
    },
    "chunk-YXQAPXAB": {
      "file": "chunk-YXQAPXAB.js"
    },
    "chunk-XH3OA5V3": {
      "file": "chunk-XH3OA5V3.js"
    },
    "chunk-BF4AXLRD": {
      "file": "chunk-BF4AXLRD.js"
    },
    "chunk-44IZU6OF": {
      "file": "chunk-44IZU6OF.js"
    },
    "chunk-2V2FL76D": {
      "file": "chunk-2V2FL76D.js"
    },
    "chunk-R4SJUBFW": {
      "file": "chunk-R4SJUBFW.js"
    },
    "chunk-CBIR4FRL": {
      "file": "chunk-CBIR4FRL.js"
    },
    "chunk-HTDRO3WL": {
      "file": "chunk-HTDRO3WL.js"
    },
    "chunk-7JC6RNBR": {
      "file": "chunk-7JC6RNBR.js"
    },
    "chunk-UTNPZ4IY": {
      "file": "chunk-UTNPZ4IY.js"
    },
    "chunk-B33LUSEI": {
      "file": "chunk-B33LUSEI.js"
    },
    "chunk-RVI3LH43": {
      "file": "chunk-RVI3LH43.js"
    },
    "chunk-UD2C5LLT": {
      "file": "chunk-UD2C5LLT.js"
    },
    "chunk-276E7HLA": {
      "file": "chunk-276E7HLA.js"
    },
    "chunk-IC62NIWK": {
      "file": "chunk-IC62NIWK.js"
    },
    "chunk-ISM5WLAM": {
      "file": "chunk-ISM5WLAM.js"
    },
    "chunk-ZZ67MR3E": {
      "file": "chunk-ZZ67MR3E.js"
    },
    "chunk-5EGPVVY4": {
      "file": "chunk-5EGPVVY4.js"
    }
  }
}